119,118,122
95,80,94
162,80,95
74,73,167
6499,6501,4097
5303,5294,5293
855,856,1081
94,103,2552
94,104,103
1100,1319,1562
7103,8543,7342
9,13,12
4096,3856,4098
7942,5300,7941
130,110,131
357,356,368
1333,1334,3974
842,609,610
855,854,837
1056,1055,1123
1078,1583,1100
846,1814,1815
858,1803,1056
163,78,2559
704,747,703
14498,14517,14497
9274,9275,11898
6498,6982,6499
1084,1085,851
14521,14520,14517
6743,6982,8903
43,23,22
6018,6019,4578
7939,7940,5302
7939,5303,7938
5292,5293,2661
102,95,103
102,145,95
13569,13393,13372
10553,7975,10532
13873,14027,13874
12389,14070,12628
357,368,367
2538,102,117
116,117,102
143,2555,97
101,2538,117
2753,2557,98
126,367,358
844,607,608
364,603,605
604,605,2054
604,364,605
5396,7844,7845
1298,1299,1561
126,357,367
10596,10577,10357
124,116,359
598,599,369
3967,3968,1339
1340,3967,1339
1341,1320,1319
12389,12628,11187
99,2556,98
163,96,78
13810,13611,13830
5396,5222,2731
2554,144,97
105,106,2542
5374,5353,5244
13174,13153,13306
1330,1089,1090
1330,1331,1089
5898,5899,7343
100,97,101
79,75,166
33,187,54
13611,13591,13830
12628,14070,13831
8783,9747,8782
10707,12869,13108
4699,5898,5659
4938,4699,5659
13949,13950,13711
2646,9,2645
8040,8041,10488
4698,4699,3255
3254,3255,4699
5375,7845,7866
2537,141,118
74,75,56
74,166,75
2730,2579,5222
9747,11426,11187
7710,7935,7949
230,11,10
32,2622,2623
17,16,5
52,188,53
34,52,53
103,104,2540
355,354,370
10575,10554,10620
113,127,114
114,2540,104
74,185,57
70,69,84
37,36,29
36,35,30
50,51,36
12149,12148,14310
71,70,83
38,39,48
2895,2175,2414
219,220,263
2652,2653,2
43,44,42
550,571,396
47,48,39
11666,9506,11667
6623,9261,9262
88,154,153
84,91,83
64,66,67
599,600,368
286,176,197
2653,2652,2656
2415,242,241
64,46,45
725,505,484
3374,4579,3375
462,461,264
528,682,681
154,175,308
748,946,945
726,747,704
879,1054,1055
2305,351,374
3983,3970,3984
3969,3984,3970
11909,11910,14549
1082,855,1081
3987,3965,6610
6617,6616,6625
3972,3982,3981
3971,3982,3972
11918,11896,11919
6609,3944,4009
853,838,854
3981,3980,3972
11897,11918,11917
11897,11896,11918
1099,1078,1100
1584,1120,1056
637,572,638
6613,3983,3984
6613,6614,3983
1573,3734,1814
4218,3734,3735
850,843,842
593,2066,637
1331,3976,1572
594,373,2065
3979,3978,3974
6618,6619,3979
9506,9023,9265
901,900,1848
4053,4032,3900
3987,3966,1342
3987,1342,3965
14522,14536,14537
3899,3900,1408
1275,1143,1274
4009,1364,3943
13950,13951,13972
11875,9298,11874
9232,9231,9297
3943,1364,1276
1407,3900,3921
1386,1275,1254
1319,1318,1562
1166,1233,1232
4053,3899,4054
1452,3855,1450
4098,4099,6259
1035,901,1034
6981,8902,6982
1430,3877,3878
14482,14467,14483
4032,4053,6565
13470,13471,13492
3922,1275,1386
14544,14545,11915
11919,11875,11940
1082,854,855
366,125,358
14397,14398,14223
1430,1210,1451
4098,3857,3855
3857,4098,3856
14502,14514,14501
14506,14508,14509
11915,11900,11899
6719,6698,6522
3899,4053,3900
6258,7222,6983
4097,6500,6521
1011,1167,1012
13710,13709,13712
1694,968,967
6675,6566,6565
6258,6259,4338
6258,6260,6259
14525,14526,14534
14461,14460,14445
14460,14461,14466
13227,13249,13231
13250,13227,13231
14439,14443,14444
7948,10582,7947
14465,14464,14485
6698,6719,9187
14196,14197,14424
13471,13472,13709
14487,14488,14483
13952,14188,13951
14496,14498,14497
11984,14496,14497
14424,14197,14423
14501,14515,14500
14514,14515,14501
4218,4219,3734
13705,13716,13706
14431,14430,14432
14539,14542,14540
14461,14462,14465
14435,14428,14427
13718,13943,13717
14467,14468,14459
14460,14446,14445
14473,14454,14455
14473,14455,14472
14190,12269,13951
14169,12269,14190
12269,12290,11548
14191,12029,14212
14194,14189,14188
2709,5244,2708
12487,11546,11307
12487,12508,11546
13953,13950,13949
11548,12290,11546
13950,13972,12508
14436,14446,14447
4054,4075,6543
14513,14503,14512
1451,3856,3877
11285,9866,9867
10107,11066,10106
7222,6984,6983
6258,4339,6019
8663,9867,9866
8901,8663,9866
703,747,748
440,506,527
5779,7462,6018
3856,4096,4097
7702,7463,5778
1935,2174,3135
5295,2658,2659
483,484,462
2414,2175,483
5058,4819,3134
12388,14310,14071
14509,14529,14528
10585,10588,10587
22,20,21
8182,7703,7943
20,1,21
5059,5299,5538
16,27,15
7703,5538,7942
5300,5297,5296
7941,5300,5301
5291,5305,5292
2652,2657,2656
2660,5294,2659
2662,5292,2661
5303,5304,7938
14310,14331,14290
5304,5293,5292
14331,14529,14332
14530,14529,14331
14224,14157,14245
5307,5529,7934
10592,13212,10591
13226,13248,13232
10592,10591,10581
13718,13717,13704
13492,12749,12988
10488,10489,8040
8175,7949,10571
14092,14091,14289
5309,7910,7931
5289,2884,2665
31,230,12
5307,5068,5289
13962,14158,14179
7935,7710,7936
10707,10946,12869
7887,5353,7867
10946,10947,12868
10685,13130,10684
5310,5288,5287
99,2774,2556
5418,7822,7823
5418,7823,5200
5287,5288,2665
122,361,363
13958,13944,13943
10554,10553,10641
13225,13248,13226
8543,8782,9986
13233,13234,13466
601,608,607
14463,14464,14462
13525,13415,13526
13525,13416,13415
7931,7910,7976
13218,13219,10597
7998,7997,7888
13394,13306,13393
8174,7951,10579
1331,1572,1089
13246,13223,13235
10602,10580,10579
12029,14430,12027
9298,9231,9210
14443,14463,14462
10532,7976,7997
14539,14538,14543
13372,13393,13307
14446,14460,14459
14223,14179,14158
14441,14421,14420
14441,14420,14442
13701,13940,13720
362,122,363
13247,13234,13233
10356,10578,10600
14196,14425,14195
13225,13224,13247
13234,13235,13465
13222,10594,10818
13222,13223,10594
13237,13222,13244
13236,13222,13237
13874,14027,14006
14201,14420,14200
14201,14419,14420
14180,14201,14181
14180,14202,14201
13109,13351,13350
13109,13350,13130
361,118,123
609,599,610
119,122,362
121,119,362
122,118,361
2294,3015,3014
2295,2294,3014
4458,4459,3494
605,1815,2054
2534,2775,2774
2535,2534,2774
604,2055,2294
363,604,2294
2294,2055,3015
3254,3015,2055
603,364,360
97,144,101
10226,8302,8303
118,117,123
119,142,100
100,2537,118
2295,363,2294
2295,362,363
846,606,845
6618,6622,6619
2534,121,362
2534,362,2295
2535,121,2534
120,121,2535
120,119,121
120,99,119
142,2536,100
120,2535,99
142,119,2536
99,2536,119
2295,3014,2775
2534,2295,2775
99,100,2536
3015,4938,4939
3014,3015,4939
2535,2774,99
2731,76,2578
2537,101,141
100,101,2537
3494,3255,2054
3254,4699,4938
3015,3254,4938
119,100,118
162,2560,80
144,2554,96
143,97,100
2552,103,95
102,2553,145
118,101,117
141,101,118
2553,95,145
849,1087,848
4458,3494,3495
4698,5898,4699
4698,5899,5898
2539,115,116
2539,103,115
96,2553,102
101,102,2538
96,102,101
144,96,101
95,94,2552
95,96,79
80,2561,94
73,57,184
2540,114,115
4459,4698,3494
3255,3494,4698
601,600,608
125,115,358
1815,1814,3495
9023,6863,6862
103,2540,115
102,103,2539
1815,3495,3494
6139,7103,6138
8062,8063,10466
7102,7103,6139
116,115,125
363,361,604
10489,8019,8040
4459,6138,5899
4698,4459,5899
4458,6139,6138
4459,4458,6138
3254,2054,3255
2055,2054,3254
114,357,126
4219,3495,3734
117,116,124
116,102,2539
116,125,359
364,123,360
604,361,364
604,2054,2055
1815,3494,2054
366,358,601
605,846,1815
605,603,846
8062,7823,8063
8062,5397,7823
7822,8302,8063
360,123,117
124,360,117
361,123,364
603,360,365
365,360,124
365,124,359
12869,12868,13591
844,849,848
9986,9747,11187
845,844,848
846,603,606
848,847,845
5397,5201,2752
1298,3965,1342
607,606,602
842,843,609
6379,6378,4219
1088,847,848
1088,1573,847
1814,3734,3495
1088,1572,1573
1086,1087,849
1573,1814,847
846,847,1814
846,845,847
4218,6379,4219
1093,1092,1084
849,850,1086
843,844,608
366,359,125
603,365,606
851,850,842
4458,3495,4219
359,366,602
849,844,843
4218,3735,3977
7867,5374,7866
10595,10596,13216
10595,10577,10596
369,368,356
128,356,127
1088,848,1087
365,602,606
365,359,602
607,366,601
602,366,607
607,844,845
607,845,606
114,127,357
601,358,367
357,127,356
367,368,600
367,600,601
854,1083,853
854,1082,1083
3974,3978,3975
370,598,369
356,355,369
599,368,369
369,355,370
354,355,129
129,355,128
1573,1572,3735
599,598,610
609,600,599
609,843,608
615,838,614
600,609,608
1324,1096,1097
355,356,128
1322,1323,1098
8062,7844,5397
1583,1101,1077
1088,1087,1089
1572,1088,1089
1090,1089,1087
1087,1086,1090
5266,5332,5331
6611,6630,6612
6629,6612,6630
849,843,850
1333,3974,3975
6619,6621,6620
1573,3735,3734
98,2555,143
114,2541,113
113,105,2542
104,2541,114
6378,6139,4458
6379,6621,6862
6619,6622,6621
128,127,113
115,114,126
9023,9022,6863
358,115,126
4219,6378,4458
6379,6862,6378
6863,6378,6862
6378,6863,7102
6378,7102,6139
10488,10685,10489
5898,7582,5659
7343,7582,5898
8041,10467,10488
8019,7866,8040
5201,5397,7844
12868,13830,13591
10466,10946,10707
4938,5659,5658
4939,4938,5658
13371,13590,13570
5179,2774,2775
5178,5179,2775
96,97,78
96,2554,97
78,97,164
2752,2578,77
33,32,208
2578,5201,2731
2686,2687,5265
93,104,2551
105,104,93
2553,96,95
79,163,2559
2560,95,79
79,166,74
5899,7342,7343
79,74,80
2560,79,80
2551,104,94
9022,8783,6863
8783,7102,6863
96,163,79
7103,7102,8782
8782,7102,8783
162,95,2560
7103,8782,8543
5899,6138,7342
79,78,75
79,2559,78
7342,6138,7103
56,75,186
78,76,165
7343,8542,8303
7582,7343,8303
5223,2709,2600
7342,8542,7343
7342,8543,8542
10227,10946,10466
7866,5374,5375
2752,5201,2578
11426,12389,11187
2686,5266,2666
9986,8782,9747
75,78,165
1298,1319,1100
9986,9987,8543
53,187,33
2730,55,2579
2731,2579,76
11875,11896,9297
9987,8542,8543
209,32,11
2687,2623,2622
186,55,54
7845,8041,8040
7866,7845,8040
10510,8018,10509
10684,10509,10489
2579,55,76
10509,8019,10489
7998,7888,7887
10684,10664,10509
2687,5245,5265
5201,5396,2731
10946,10227,10947
10707,13108,10706
4939,5658,5419
5178,4939,5419
10488,10706,10685
10706,10467,10707
10488,10467,10706
8542,10226,8303
8542,9987,10226
97,2555,98
77,97,98
8062,8041,7844
7844,8041,7845
8063,8302,10227
13108,13351,13109
10685,13109,13130
10706,13108,13109
10706,13109,10685
7867,7866,8019
10467,8041,8062
10467,8062,10466
851,1085,850
1084,851,852
10466,10707,10467
10466,8063,10227
10946,12868,12869
5222,5396,7845
5222,7845,5375
2775,3014,5178
4939,5178,3014
2731,5222,2579
55,75,165
77,164,97
7823,5397,5200
7823,7822,8063
5397,2752,5200
5396,5201,7844
2753,5200,2557
2556,2753,98
5419,7822,5418
98,2557,77
5200,2752,2557
10947,10227,10226
5200,2753,5418
2753,5179,5418
2556,5179,2753
2556,2774,5179
5419,5418,5178
5179,5178,5418
7582,8303,8302
7583,7582,8302
99,98,100
100,98,143
77,2557,2752
7583,8302,7822
5659,7583,5658
5659,7582,7583
5658,7822,5419
7583,7822,5658
10227,8302,10226
2578,76,77
77,78,164
76,78,77
2730,2600,55
11186,10226,9987
10947,10226,11186
2709,2708,2601
11187,12628,11186
9986,11186,9987
11187,11186,9986
56,187,53
5353,5352,5245
5374,7867,5353
2708,5244,5245
54,55,2600
5244,5223,5374
55,186,75
76,55,165
5332,5265,5352
2730,5222,5375
7888,7909,5332
33,54,2601
54,187,56
54,56,186
5223,5375,5374
5223,2600,2730
2730,5375,5223
54,2709,2601
2600,2709,54
2709,5223,5244
12629,12628,13831
2687,2622,2708
57,53,188
10947,11186,12629
12868,12629,13830
12868,10947,12629
13152,10663,10664
2622,33,2601
2708,2622,2601
5244,5353,5245
2687,2708,5245
5528,5288,5309
5352,5265,5245
5352,5353,7887
5266,2686,5265
11,2643,10
2686,2623,2687
5069,2665,5288
13130,13131,10684
12629,13831,13830
12628,12629,11186
14091,14050,14071
2623,2686,2643
32,34,208
14050,14070,14071
57,188,52
32,33,2622
5289,2665,5069
2884,2644,2665
2623,11,32
32,209,34
209,31,34
53,33,208
53,208,34
185,74,56
56,57,185
56,53,57
31,11,230
31,209,11
2885,2664,5290
14070,12389,14071
52,207,35
35,210,30
34,207,52
31,30,210
31,12,30
210,35,31
35,34,31
35,207,34
12,10,231
12,230,10
9746,9747,8783
51,52,35
51,189,52
5306,7935,7936
81,73,2574
14071,12389,12388
12389,11426,11427
12389,11427,12388
2541,105,113
11666,12388,11427
9746,11426,9747
11426,9746,11427
2573,72,71
58,52,189
58,189,51
58,57,52
184,57,58
89,85,86
84,90,91
74,57,73
91,106,2549
107,106,91
81,168,72
82,81,72
8783,9022,9746
9506,11666,9507
86,87,88
593,374,572
2066,593,572
329,330,153
69,62,68
659,571,550
2548,91,90
88,89,86
111,107,2544
111,2543,107
109,89,88
2545,108,109
2545,110,108
2544,108,110
9263,9265,9264
130,354,129
595,372,373
130,129,111
110,130,111
6622,9263,9264
107,90,108
107,2548,90
2544,110,111
112,129,128
112,111,129
128,113,112
112,2542,106
2543,111,112
108,2544,107
9265,9023,9264
92,83,91
2563,83,92
112,106,2543
107,91,2548
2543,106,107
9507,9022,9023
9507,11666,11427
9506,9507,9023
9507,11427,9746
94,2561,81
2549,92,91
2563,82,83
2542,112,113
106,92,2549
105,92,106
105,2550,92
2541,104,105
2550,105,93
92,2550,93
93,2551,94
81,82,2562
81,93,94
9746,9022,9507
74,167,80
2561,80,81
81,2574,168
167,73,80
81,80,73
184,58,73
58,59,183
81,2562,93
168,2574,72
73,58,72
2574,73,72
72,58,183
82,71,83
71,82,2573
58,51,59
72,2573,82
2562,82,93
82,92,93
2563,92,82
72,59,71
72,183,59
50,49,60
71,60,70
70,84,83
71,59,60
48,49,38
61,60,49
51,50,59
50,37,49
60,59,50
51,35,36
12149,12388,11666
7935,5530,5307
13,30,12
14310,12388,12149
2662,2661,2647
14,13,8
36,37,50
13,29,30
14,29,13
29,36,30
2647,2661,2648
2648,6,7
14,7,15
14,15,28
46,40,41
2650,2649,2659
38,28,27
17,26,16
3,18,4
2649,2660,2659
2658,5296,2657
18,17,4
27,28,15
2651,3,4
26,27,16
26,39,27
39,38,27
14,28,29
28,38,37
70,60,61
70,61,69
62,69,61
38,49,37
61,49,48
37,29,28
26,25,40
48,62,61
62,48,47
46,63,47
47,39,40
40,39,26
26,17,25
25,17,18
41,40,25
197,44,198
64,45,65
40,46,47
63,62,47
64,65,66
197,176,65
63,46,64
45,46,41
65,44,197
45,44,65
45,41,42
42,44,45
21,241,220
242,220,241
23,24,19
42,23,43
264,461,285
23,42,24
41,25,24
42,41,24
25,18,24
19,18,3
24,18,19
3,2,19
21,0,241
20,2,1
5297,2657,5296
20,19,2
23,19,20
22,23,20
1,0,21
11907,12148,11667
11667,12148,12149
11666,11667,12149
67,66,87
11667,9506,11907
11907,9506,9265
11907,9265,9266
11906,11907,9266
11908,12148,11907
87,154,88
86,67,87
63,64,67
67,68,63
68,62,63
85,68,86
69,85,84
90,84,85
175,154,87
68,85,69
67,86,68
109,108,89
89,108,90
85,89,90
109,88,153
352,373,372
66,175,87
440,527,439
153,154,329
154,308,329
439,527,528
308,417,329
527,506,703
65,176,66
417,549,550
2174,484,2175
175,307,308
241,0,2654
241,2654,2415
220,22,21
2415,2414,242
198,219,264
418,528,549
219,263,264
219,43,22
219,22,220
198,44,43
198,43,219
197,198,285
176,175,66
285,286,197
307,175,176
703,682,527
176,286,307
198,264,285
418,439,528
285,461,440
285,440,286
286,440,439
286,439,307
307,418,308
439,418,307
681,549,528
703,748,682
527,682,528
440,461,506
263,462,264
704,703,506
506,505,704
505,506,461
946,747,967
505,462,484
461,462,505
2175,484,483
1935,1934,726
3374,1934,1935
748,945,769
725,726,704
682,769,681
682,748,769
11907,11909,11908
11907,11906,11909
4579,4578,3375
7462,7223,6018
1452,1693,3615
946,748,747
968,946,967
11910,11911,14549
14549,11911,14548
945,946,989
989,946,968
923,1012,1013
923,1011,1012
1033,1012,1164
769,945,924
769,924,770
990,1011,924
681,770,660
770,681,769
791,770,923
660,549,681
9268,11904,9267
660,550,549
308,418,417
418,549,417
396,329,417
11905,11906,9266
417,550,396
770,791,660
637,2066,572
637,638,2022
9276,9253,9232
572,2087,638
11906,11905,11910
814,813,1847
571,638,2087
9266,9267,11905
1334,1335,3973
6624,9261,6623
638,813,2022
813,637,2022
1782,1054,880
1100,1583,1077
1803,858,1057
902,1032,901
1605,1123,1055
1782,880,1055
1034,1055,880
6626,6625,6616
1782,1055,1054
1254,1275,1274
9260,9270,9269
9259,6625,6626
616,594,2065
835,2044,616
9260,6625,9259
1803,1057,879
835,616,814
835,814,1826
6624,9260,9261
6622,9264,6621
1095,1326,1094
6619,3978,3979
3976,1332,3975
2044,615,594
1329,1328,1332
1329,1091,1328
1095,1080,1096
3978,3977,3975
616,2065,593
637,813,814
835,1826,879
2044,594,616
814,2043,637
616,593,637
2043,616,637
814,1847,880
2043,814,616
1054,879,880
814,880,879
1826,814,879
1099,1100,1318
6626,6616,6615
835,1825,615
1123,1605,1122
1321,1099,1320
9271,9272,11901
1121,1296,1297
1325,1095,1096
14542,14541,14540
11919,14540,14541
1803,879,1056
879,1055,1056
6587,3922,4031
1121,1056,1122
1121,1584,1056
1143,1277,1122
9259,9271,9270
1121,1122,1296
1121,1561,1299
370,597,598
1275,1277,1143
1297,1122,1276
1297,1296,1122
6565,6676,6675
1123,1122,1056
1298,1297,1363
6612,3984,3985
6613,3984,6612
1078,1079,857
1120,1584,1121
1121,1077,1120
1077,1101,1078
1077,1078,857
6624,6617,6625
1078,1097,1079
1079,1097,1096
1298,1121,1297
1298,1561,1121
1078,1101,1583
3982,3971,3983
3970,3983,3971
1077,857,1804
1319,1099,1318
1099,1098,1078
6610,6630,6611
3969,3985,3984
3969,3968,3985
3987,3986,3967
3987,3967,3966
3968,3986,3985
3968,3967,3986
3974,1334,3973
1363,3965,1298
3966,3967,1340
3966,1340,1341
1320,1099,1319
1342,1319,1298
3966,1319,1342
3966,1341,1319
1081,856,1080
1100,1299,1298
1341,1321,1320
1341,1340,1321
14540,11919,11940
9364,9385,11809
1121,1299,1100
1121,1100,1077
1562,1318,1100
1080,1079,1096
1323,1097,1098
1098,1097,1078
1322,1098,1099
1321,1322,1099
1340,1339,1322
1321,1340,1322
1338,3968,3969
1338,1339,3968
1338,1337,1324
1323,1338,1324
1323,1339,1338
1323,1322,1339
1090,1086,1091
1325,1336,1335
1325,1324,1336
1325,1096,1324
1081,1080,1095
1336,1324,1337
1323,1324,1097
594,595,373
6615,6627,6626
1056,1077,858
1056,1120,1077
1082,1081,1094
3981,6616,3980
6617,3980,6616
1335,1336,3972
1095,1094,1081
1325,1326,1095
1325,1335,1326
3980,3973,3972
3988,6609,6631
1093,1094,1326
1091,1092,1328
1327,1093,1326
1327,1326,1334
1085,1092,1091
3972,1336,3971
1093,1083,1094
3973,1335,3972
3970,1336,1337
3970,3971,1336
857,1079,1080
857,1080,856
1337,3969,3970
1337,1338,3969
6614,3982,3983
6615,3982,6614
6615,6614,6627
1057,858,879
835,879,858
615,837,838
3981,6615,6616
3981,3982,6615
836,855,837
1804,858,1077
9260,6624,6625
3921,1254,1407
615,614,594
2044,835,615
838,837,854
2065,373,593
4218,6620,6379
835,858,1825
615,1825,836
836,857,856
615,836,837
858,836,1825
858,857,836
1804,857,858
836,856,855
353,371,354
594,613,595
373,2284,593
2284,373,352
595,613,596
6623,6618,6624
6617,6624,6618
371,370,354
1327,1334,1333
3980,3979,3973
3980,6618,3979
6617,6618,3980
1334,1326,1335
1330,1329,1331
1330,1090,1329
1277,1276,1122
1083,1082,1094
838,839,614
838,853,839
840,612,839
610,611,841
614,839,613
594,614,613
1093,1084,1083
840,841,611
610,598,611
9264,6862,6621
1090,1091,1329
1333,1332,1328
1327,1328,1092
1327,1333,1328
1327,1092,1093
9297,9276,9232
9297,11896,9276
10642,10531,10663
1333,3975,1332
1084,1092,1085
853,840,839
3973,3979,3974
14542,11918,14541
11919,14541,11918
11918,14542,11917
3976,1331,1332
1091,1086,1085
612,613,839
1083,1084,852
1083,852,853
852,840,853
6622,6618,6623
851,841,852
1085,1086,850
611,612,840
841,840,852
597,611,598
597,612,611
842,841,851
1332,1331,1329
8018,8019,10509
842,610,841
10663,10510,10664
13152,10664,13131
10510,10531,7998
3977,3735,3976
3976,3735,1572
3977,3976,3975
6620,6621,6379
4218,3977,6620
3978,6620,3977
6619,6620,3978
3985,6611,6612
3985,3986,6611
9254,9253,9275
9254,9275,9274
596,613,612
597,596,612
9023,6862,9264
6623,9263,6622
6623,9262,9263
110,132,2524
110,2545,132
596,371,372
371,597,370
131,352,353
2545,109,132
595,596,372
354,130,353
353,372,371
596,597,371
352,372,353
131,353,130
109,153,132
110,2524,131
395,396,571
132,351,2524
2283,395,572
351,330,2306
132,330,351
132,153,330
329,396,330
571,572,395
571,2087,572
352,2305,374
351,2306,395
330,395,2306
352,131,2305
374,593,2284
2284,352,374
395,374,351
395,2283,374
374,2283,572
351,131,2524
351,2305,131
9266,9265,9263
395,330,396
11909,11906,11910
660,659,550
3615,3855,1452
3854,3855,3615
660,791,659
659,2021,638
659,638,571
9260,9269,9261
11912,11903,11902
813,792,900
638,792,813
770,924,923
791,792,659
2021,792,638
792,2021,659
11905,9267,11904
791,903,792
903,902,792
902,903,791
923,902,791
11911,11910,11905
902,923,1013
1187,1186,990
1187,990,1188
1033,1145,1034
1166,1187,1233
1188,990,989
6614,6613,6628
6627,6614,6628
1385,3943,1276
1848,900,792
792,901,1848
792,902,901
9267,9263,9262
813,900,901
9266,9263,9267
9268,9262,9261
9267,9262,9268
11905,11904,11911
1187,1230,1231
1187,1231,1233
9259,9270,9260
9268,9261,9269
11912,11902,11913
11903,9268,9269
11904,9268,11903
1186,1011,990
11912,11904,11903
11911,11904,11912
11901,11913,11902
880,1035,1034
1847,813,880
813,901,880
1035,880,901
902,1013,1012
14548,11911,11912
924,1011,923
1166,1232,1252
1187,1166,1011
1167,1011,1166
1452,1450,1210
1452,1210,1211
6588,3943,4010
6626,9258,9259
9166,9342,9341
6741,6720,6500
6544,4053,4054
11902,11903,9269
9270,11902,9269
6698,6543,6522
1254,1274,1144
1275,1276,1277
1143,1144,1274
1055,1143,1122
1055,1122,1605
9274,11899,9273
1363,1297,3944
11917,14543,11916
9254,6632,9253
6627,9258,6626
1275,1385,1276
1297,1276,1364
9258,9271,9259
11914,11901,11900
9254,9274,9255
6613,6629,6628
6612,6629,6613
11898,11897,11917
6627,9257,9258
6627,6628,9257
6653,6654,9232
11913,11901,11914
9270,11901,11902
9271,11901,9270
11914,11900,11915
4009,6588,6632
6632,9254,6609
9258,9272,9271
9258,9257,9272
6654,6566,6675
9253,9276,9275
6565,6566,4032
11897,9275,9276
11898,9275,11897
14433,14432,14430
1363,3988,3965
11896,11897,9276
11916,14544,11915
6610,3965,3988
11919,11896,11875
6588,4010,6653
6587,6653,4010
14517,14518,14497
11962,14497,14518
11898,11917,11916
11916,14543,14544
14449,14456,14455
14449,14455,14450
9188,9341,9320
1364,3944,1297
11899,11898,11916
9256,9272,9257
11899,11900,9273
9256,9255,9273
11899,9274,11898
6611,3986,6610
3987,6610,3986
11916,11915,11899
9256,6629,6630
9255,9256,6630
9255,6631,9254
6609,9254,6631
9255,6630,6631
9273,9255,9274
3988,1363,3944
4009,6632,6609
6628,9256,9257
6629,9256,6628
6610,6631,6630
6610,3988,6631
6609,3988,3944
6588,4009,3943
3922,4010,1385
6632,6588,6653
1364,4009,3944
9256,9273,9272
9231,9232,6654
9232,9253,6653
6632,6653,9253
1254,3921,1386
3922,1385,1275
9273,11900,9272
11900,11901,9272
1385,4010,3943
4031,4032,6566
6587,4010,3922
1386,4031,3922
3921,4031,1386
3900,4032,3921
6566,6587,4031
4031,3921,4032
6653,6587,6654
6654,6587,6566
6654,6675,9231
9209,6697,9188
6719,6522,6521
9231,6675,9210
9298,9210,9319
11914,11915,14545
6543,6698,6697
1429,3899,1408
1407,1408,3900
6720,9187,6719
1232,1429,1408
1231,1429,1232
14547,11912,11913
1408,1253,1232
1034,1143,1142
1034,1144,1143
945,989,990
1144,1034,1145
1143,1055,1142
1034,1142,1055
1254,1255,1253
1232,1253,1252
1407,1254,1253
945,990,924
1407,1253,1408
1253,1165,1252
1255,1254,1144
1165,1253,1255
1144,1165,1255
1165,1164,1012
1165,1012,1166
1033,902,1012
1033,1144,1145
1033,1165,1144
1166,1252,1165
1033,1034,901
1165,1033,1164
1033,901,1032
1033,1032,902
1166,1012,1167
1186,1187,1011
1209,1188,989
6499,4098,6259
6498,6499,6259
1211,1188,1209
1451,1210,1450
1188,1230,1187
6499,4097,4096
1233,1231,1232
1188,1211,1210
1188,1210,1230
1230,1210,1231
4054,6543,6544
1430,1429,1231
1210,1430,1231
1211,1209,1452
1209,1693,1452
14547,14548,11912
4338,4098,3855
4099,4098,4338
1451,3855,3857
1451,1450,3855
11787,12029,12028
4338,3855,3854
4096,4098,6499
6501,6499,6742
9165,9342,9166
6676,6565,6544
14499,14498,14495
6501,6500,4097
9165,6741,9144
14512,14524,14513
14535,14523,14524
14536,14523,14535
4075,4054,3878
3877,4076,4075
1429,1430,3878
1429,3878,3899
6697,6676,6544
1430,1451,3877
4054,3899,3878
3857,3856,1451
3856,4097,4076
4076,3877,3856
3878,3877,4075
6676,9210,6675
6565,4053,6544
6676,6697,9209
6521,6522,4076
9319,11853,11874
11830,11831,9363
9209,9188,9320
11874,11941,11940
11874,11940,11875
14543,14538,14544
6676,9209,9210
9363,9364,11830
4097,6521,4076
6697,6544,6543
4075,4076,6522
6543,4075,6522
9364,9144,9385
9298,9297,9231
9188,6697,6698
9166,9187,6720
11962,14518,11941
9188,6698,9187
11787,9385,11786
12050,11787,11786
11830,9364,11809
14537,14544,14538
14545,14537,14536
9320,11853,9319
14522,14537,14521
11940,11941,14519
9342,9363,11831
9342,9165,9363
11809,11984,11830
9298,9319,11874
14539,14543,14542
11809,11985,11984
14475,14495,14496
11985,14475,14496
14499,14516,14498
11963,11984,14497
14538,14539,14520
14520,14519,14518
11941,14518,14519
14476,14495,14475
14520,14539,14519
9320,9341,11852
14437,14425,14424
14517,14498,14516
14517,14520,14518
11853,11941,11874
11985,14496,11984
14496,14495,14498
11962,11963,14497
14499,14495,14494
14428,14192,14427
14196,14185,14197
14516,14521,14517
14521,14537,14538
11831,11830,11963
11963,11830,11984
9319,9209,9320
14542,14543,11917
9188,9187,9341
14184,14185,13956
14420,14421,14200
14519,14540,11940
14519,14539,14540
9209,9319,9210
9166,9341,9187
14521,14538,14520
13716,13705,13717
14545,14544,14537
11941,11853,11962
14515,14514,14523
11875,9297,9298
6500,6720,6719
14521,14516,14522
11852,9341,9342
11852,9342,11831
11831,11963,11852
11852,11963,11962
11962,11853,11852
9320,11852,11853
14516,14515,14522
14515,14516,14499
6521,6500,6719
6740,6500,6742
14536,14522,14523
14499,14500,14515
14515,14523,14522
13947,13946,13955
14191,14212,12030
9166,6720,6741
14493,14500,14499
14494,14493,14499
14444,14443,14462
14461,14444,14462
6740,9143,6741
9364,9363,9144
9363,9165,9144
6742,6500,6501
9144,6741,9145
9166,6741,9165
14491,14502,14501
6740,6742,9143
9143,9145,6741
14546,14536,14535
6741,6500,6740
14546,14535,14547
11913,11914,14546
14545,14546,11914
14545,14536,14546
13504,13437,13416
13525,13504,13416
14547,11913,14546
14524,14534,14535
6982,6742,6499
6743,6742,6982
8901,9845,8663
6743,8903,6742
14502,14513,14514
9143,6742,8903
9143,8903,9142
6982,6498,6259
14547,14534,14548
11328,9866,11307
14534,14547,14535
14525,14524,14512
14513,14523,14514
14513,14524,14523
14534,14524,14525
11307,12509,12508
12487,11307,12508
8902,8903,6982
14525,14511,14526
14525,14512,14511
14526,14511,14510
8904,8903,8902
9866,9845,8901
9845,9866,8902
14534,14526,14533
14534,14533,14548
6019,7222,6258
4099,4338,6259
3854,3615,4338
8663,6983,6984
6982,6259,6983
6982,6983,6981
6260,6983,6259
6983,8902,6981
8902,6983,8663
9845,8902,8663
6984,7222,8663
6983,6260,6258
8662,8663,7222
14526,14510,14527
10107,8423,8422
14532,14527,14528
14527,14532,14533
14526,14527,14533
14509,14527,14510
14528,14527,14509
13251,13229,13228
5292,5305,5304
14506,14509,14510
10106,9867,8662
14506,14505,14488
13470,13472,13471
14508,14529,14509
13492,13471,12749
11066,10827,12967
11066,12967,12988
11066,12749,12770
12988,12749,11066
10827,12989,12988
10827,12988,12967
13449,12988,12989
13473,13708,13472
10590,13227,13210
14485,14376,14486
10590,13226,13227
13211,13226,10590
13226,13232,13249
12988,13449,13470
13492,12988,13470
13949,13954,13953
13709,13472,13708
13708,13713,13709
14506,14510,14505
13466,13467,13233
14508,14507,14354
14508,14506,14507
13466,13475,13467
13946,13956,13955
14436,14435,14427
14436,14447,14435
14465,14484,14466
13464,13477,13235
13950,13953,13952
14006,13895,13874
14465,14485,14484
14507,14506,14487
13709,13713,13712
14425,14194,14195
13955,14186,13954
13957,14184,13956
14196,14424,14425
13956,14185,13955
14423,14422,14439
14423,14198,14422
13231,13468,13469
13708,13707,13714
13708,13714,13713
13929,13711,13950
14464,14465,14462
13713,13947,13948
13713,13714,13947
13714,13946,13947
14426,14194,14425
14439,14440,14443
14439,14422,14440
14197,14198,14423
14184,14198,14197
14184,14197,14185
14445,14444,14461
14437,14445,14446
12006,14475,11985
14438,14439,14444
14423,14439,14438
14438,14437,14424
14438,14445,14437
14424,14423,14438
14185,14196,14186
14445,14438,14444
14460,14466,14467
13955,14185,14186
14483,14467,14466
14196,14187,14186
14196,14195,14187
13954,13947,13955
14465,14466,14461
13952,13951,13950
13948,13947,13954
14192,14190,14193
14435,14434,14428
14425,14437,14426
13954,14186,13953
14484,14487,14483
14484,14483,14466
13689,13710,12748
14186,14187,13953
13712,13713,13948
13712,13948,13711
13711,13948,13949
13471,13710,13689
14506,14488,14487
13948,13954,13949
14489,14503,14490
13471,13689,12749
13471,13709,13710
13711,13710,13712
13953,14187,13952
11568,9626,9387
14193,14190,14189
14467,14459,14460
11546,11547,9626
12509,11306,12748
12530,11306,12509
12509,13711,13929
12269,11548,11546
12508,12269,11546
9625,11546,11525
12508,13972,12269
13710,13711,13732
13951,12269,13972
13951,14189,14190
14453,14474,12007
11785,11786,12247
11785,12268,11786
14458,14459,14469
14468,14469,14459
14448,14457,14456
14448,14456,14449
14490,14481,14482
14469,14479,14470
14469,14480,14479
14476,14473,14472
14476,14472,14477
14169,12268,12269
14447,14459,14458
14193,14189,14194
14188,14189,13951
14426,14427,14193
14428,14429,14191
14467,14481,14468
14467,14482,14481
14468,14480,14469
14468,14481,14480
9385,11787,11808
14457,14447,14458
14457,14448,14447
14192,14191,14190
14437,14436,14426
14437,14446,14436
14446,14459,14447
14436,14427,14426
14427,14192,14193
14195,14188,14187
14195,14194,14188
14187,14188,13952
12007,12028,14453
14447,14448,14435
14434,14433,14429
14428,14191,14192
14426,14193,14194
14495,14477,14494
14495,14476,14477
14434,14429,14428
12029,14191,14430
14434,14449,14450
14434,14450,14433
14435,14449,14434
14435,14448,14449
12027,14430,14409
14409,12029,12027
14433,14430,14429
14429,14430,14191
14458,14470,14457
14458,14469,14470
14433,14451,14432
14433,14450,14451
12028,14431,14452
13239,13481,13461
12028,14430,14431
14451,14453,14452
14451,14454,14453
14451,14452,14432
14431,14432,14452
14450,14454,14451
14450,14455,14454
14409,14430,12028
12028,14452,14453
14479,14493,14478
14479,14492,14493
9385,11808,11809
14474,14475,12006
12028,12029,14409
11808,11985,11809
14454,14473,14474
14453,14454,14474
14457,14471,14456
14457,14470,14471
14472,14456,14471
14472,14455,14456
14475,14474,14473
14475,14473,14476
14480,14492,14479
12007,12006,11787
14474,12006,12007
12007,11787,12028
11787,12006,11808
11808,12006,11985
12029,11787,11788
14478,14494,14477
14478,14493,14494
14477,14471,14478
14477,14472,14471
14492,14500,14493
14492,14501,14500
11788,11787,12050
14470,14478,14471
14470,14479,14478
9384,9386,11786
14481,14490,14491
9385,9384,11786
14480,14491,14492
9145,9386,9144
9387,9386,11568
14501,14492,14491
9143,9386,9145
14490,14502,14491
9386,9387,11547
14491,14480,14481
9385,9144,9386
9384,9385,9386
11785,12247,11547
11786,11547,12247
9386,11547,11786
12029,11788,11786
12050,11786,11788
14191,12030,12268
14191,12268,14190
12030,14212,12268
12268,14212,12029
11786,12268,12029
14169,14190,12268
11285,11306,9866
11547,12290,12269
11547,12268,11785
11547,12269,12268
12748,13710,13732
12509,13929,12508
13929,13950,12508
13732,13711,12509
11307,11306,12530
14486,14375,14507
11067,12749,12748
11067,12748,12727
13689,12748,12749
12290,11547,11546
11546,9627,11307
11546,9625,9627
14489,14490,14482
14488,14489,14483
14482,14483,14489
14511,14512,14504
14504,14489,14488
14505,14504,14488
14513,14502,14503
9626,8903,9627
9626,9627,11525
14490,14503,14502
9626,11525,11546
14512,14503,14504
14489,14504,14503
9142,8903,9626
9143,9142,9626
11547,9387,9626
9386,9626,11568
9386,9143,9626
9625,11525,9627
9866,9627,8902
8904,8902,9627
8903,8904,9627
11306,11307,9866
8662,9867,9888
9867,8663,9888
8662,9888,8663
11067,11306,9867
11285,9867,11306
14505,14511,14504
14505,14510,14511
11067,12727,11306
11088,9867,10106
12748,13732,12509
12770,12749,11067
11067,11066,12770
11067,10106,11066
11067,11088,10106
9867,11088,11067
12748,11306,12727
12530,12509,11307
9627,9866,11328
11307,9627,11328
8423,10106,8662
7223,7222,6019
7223,8662,7222
10827,11066,10107
8423,7223,7462
7223,8423,8662
8423,7462,8422
4579,6018,4578
10106,8423,10107
3614,1694,3375
6019,4339,4578
4338,4339,6258
4338,3615,4339
968,1209,989
14549,14533,14532
14549,14548,14533
968,1693,1209
1693,968,1694
14549,14550,11909
14550,14551,11908
11908,11909,14550
3375,1694,1934
3615,1693,3614
1693,1694,3614
3615,3614,4339
4578,4339,3614
4818,4819,5778
725,1935,726
967,726,1934
967,747,726
967,1934,1694
2174,725,484
704,505,725
483,462,263
3135,3374,1935
2174,1935,725
1934,3374,3375
3614,3375,4578
7462,7463,8422
4819,4818,3135
4818,3374,3135
4579,5779,6018
3374,4818,4579
4579,4818,5779
7223,6019,6018
5779,7463,7462
5778,7463,5779
4819,5058,5539
4818,5778,5779
2895,3134,2175
3134,3135,2174
2175,3134,2174
4819,3135,3134
5298,2655,2656
2655,5298,2894
5539,5778,4819
3134,2895,5058
5539,7702,5778
5539,7703,7702
8182,7702,7703
7941,7940,7944
7943,7941,7944
5538,5539,5058
5059,5058,2895
5539,5538,7703
5058,5059,5538
2894,5059,2895
2894,2895,2414
242,483,263
2414,483,242
220,242,263
2414,2415,2894
5299,5300,7942
7945,7944,7940
14550,14549,14531
14531,14549,14532
14532,14528,14531
14531,14528,14529
8183,8182,10347
8183,7702,8182
8183,10347,10346
10827,10826,12989
8422,8183,10346
8183,7463,7702
7463,8183,8422
10346,10107,8422
10107,10346,10827
10826,10346,10347
10827,10346,10826
12989,13229,13251
10587,10826,10347
8182,10586,10347
10585,10587,10586
10586,10587,10347
14332,14353,14289
10584,10588,10585
10585,7945,10584
7946,10583,10584
10586,7944,10585
7944,7945,10585
8182,7943,10586
7943,7944,10586
14531,14529,14530
14551,14550,14530
14530,14550,14531
5302,7940,5301
5,4,17
0,1,2654
2415,2655,2894
2654,1,2653
2,2653,1
2,3,2652
5299,5059,5298
2654,2655,2415
2653,2655,2654
2653,2656,2655
7942,5538,5299
5297,5299,5298
5297,2656,2657
5297,5298,2656
5059,2894,5298
5297,5300,5299
7942,7941,7943
7703,7942,7943
7940,7941,5301
5302,5301,5295
5296,5301,5300
5,2650,4
2658,5295,5296
5295,5301,5296
5294,5302,5295
7945,7940,7939
5303,5302,5294
2660,5293,5294
5293,5304,5303
7939,5302,5303
2660,2661,5293
5295,2659,5294
2650,2659,2658
2649,2650,5
2650,2651,4
2651,2650,2658
2651,2657,2652
2651,2658,2657
2651,2652,3
7,6,15
7,2647,2648
16,15,6
6,5,16
5,6,2649
2648,2661,2660
2649,2648,2660
2648,2649,6
2647,7,8
14310,12148,14311
14310,14311,14331
11908,14311,12148
14530,14331,14311
11908,14551,14311
14530,14311,14551
8,7,14
5292,2662,5291
13,9,8
2646,2647,8
2662,2647,2646
9,2646,8
14092,14289,14268
14091,14071,14310
7938,7937,7947
7949,7948,7936
7710,7949,7936
14290,14331,14332
10588,13228,13229
10584,7945,7946
7946,7939,7938
7939,7946,7945
7938,7947,7946
7946,7947,10583
5305,7937,5304
7938,5304,7937
7937,5305,7936
7947,7937,7948
7949,10570,7948
7937,7936,7948
10570,10581,7948
10570,7949,10581
10596,10597,13217
10576,10597,10596
7933,7713,7952
10593,13224,13213
8175,10571,10580
13212,10592,13225
10592,10581,10603
7952,7932,8172
10580,10603,10581
10580,10571,7950
14246,14135,14114
10580,7949,8175
10581,7949,10580
10603,10580,10592
13466,13476,13475
13466,13234,13476
13234,13465,13476
14508,14354,14353
10591,13226,13211
13225,10591,13212
13225,13226,10591
14267,14113,14268
14267,14268,14354
10583,7947,10582
10581,10604,10582
13211,10590,10591
10581,10582,7948
10591,10604,10581
10590,10583,10582
10591,10590,10582
10591,10582,10604
13449,13230,13470
13228,13227,13250
13470,13469,13472
12989,10826,13229
13249,13227,13226
13249,13232,13231
13230,13231,13469
13470,13230,13469
13230,13449,12989
13251,13230,12989
13230,13250,13231
13229,10587,10588
13229,10826,10587
10590,10589,10583
13230,13228,13250
13230,13251,13228
10583,10589,10584
13210,10589,10590
10589,13227,13228
13210,13227,10589
10571,7949,7950
7935,7950,7949
10588,10589,13228
14508,14353,14529
14354,14268,14353
14353,14332,14529
10589,10588,10584
14050,14049,13852
7711,7950,7935
14289,14353,14268
14289,14091,14290
14332,14289,14290
14290,14091,14310
14113,14092,14268
5306,5530,7935
5305,5306,7936
5306,5305,5291
2645,9,231
2664,2644,2884
2425,2644,2664
2662,2646,2663
9,12,231
2645,231,10
2645,10,2425
2662,2663,5291
2646,2645,2663
2663,2645,2664
2885,2663,2664
2425,2664,2645
5291,2663,5290
5291,5290,5306
2885,5290,2663
5307,5290,5068
5306,5307,5530
5306,5290,5307
7909,5331,5332
5069,5308,5289
8173,10578,7951
5332,5352,7888
13851,13852,13809
7934,7711,7935
5307,7934,7935
7933,5309,7713
7934,7950,7711
7934,5529,5308
10,2643,2644
2664,2884,5289
5307,5308,5529
5307,5289,5308
5290,2664,5289
5290,5289,5068
7932,5309,7931
10,2644,2425
11,2623,2643
14092,14050,14091
7888,5352,7887
2644,2666,2665
13830,13831,13810
5288,5310,5309
13307,13393,13306
13153,13307,13306
10641,10642,13174
2644,2643,2666
10685,10684,10489
13831,14070,13851
2686,2666,2643
7976,7910,7909
5265,5332,5266
5331,7909,7910
5331,5310,5287
7975,7931,7976
13633,13809,13788
5287,2665,2666
5331,5287,5266
5266,5287,2666
7932,7713,5309
5331,7910,5310
5310,7910,5309
13547,13633,13634
10575,10619,10576
5308,5069,5288
13809,13873,13788
13809,13852,13873
7975,7932,7931
10577,7953,10576
10357,10577,10576
14199,14422,14198
10598,10619,13196
13548,13633,13547
13197,13196,13284
13175,13196,10619
10576,10598,10597
13239,13219,13240
7953,10575,10576
10576,10619,10598
13569,13548,13393
13437,13263,13284
13437,13284,13416
14181,14200,14182
10553,10554,7954
7953,10554,10575
13285,13415,13284
13196,13285,13284
13197,13284,13263
10663,10531,10510
8018,7887,7867
13464,13478,13703
13175,13174,13306
10575,10620,10619
13547,13526,13415
10598,13196,13197
10620,13175,10619
10598,13197,10597
13570,13372,13371
13284,13415,13416
13175,13306,13285
13394,13285,13306
13415,13285,13394
13196,13175,13285
13503,13699,13482
13503,13678,13699
13547,13415,13394
13372,13570,13569
14421,14422,14199
10620,10641,13174
13393,13548,13394
13394,13548,13547
13943,13959,13958
13328,13152,13131
7975,10553,7954
10620,13174,13175
7932,7954,7953
7954,10554,7953
7975,7954,7932
13570,13591,13611
10554,10641,10620
13959,14182,13958
13590,13591,13570
14464,14398,14397
14182,14200,14199
13350,13329,13130
13350,13351,13329
13328,13371,13372
13108,13590,13351
13570,13611,13569
8019,8018,7867
10642,10663,13153
10663,13152,13153
14464,14463,14398
13611,13810,13612
13307,13328,13372
13307,13152,13328
13153,13152,13307
13263,13438,13262
13263,13437,13438
13328,13329,13371
13328,13131,13329
10531,7997,7998
13329,13131,13130
13329,13351,13371
13590,13371,13351
14420,14419,14442
13239,13460,13481
12869,13591,13590
13590,13108,12869
8018,10510,7998
13131,10664,10684
7887,8018,7998
10509,10664,10510
7909,7888,7997
10553,10532,10642
10641,10553,10642
10532,7975,7976
13612,13569,13611
10642,13153,13174
7997,10531,10532
10642,10532,10531
7976,7909,7997
13548,13569,13612
13548,13612,13633
13809,13612,13810
13633,13612,13809
13788,13873,13874
13810,13851,13809
13831,13851,13810
5308,5288,5528
5528,7933,5308
5528,5309,7933
7712,7934,7933
5308,7933,7934
13851,14070,14050
14049,14028,13852
13852,14028,13873
7951,7933,7952
8173,7951,7952
14092,14049,14050
14049,14092,14113
14113,14028,14049
14050,13852,13851
13788,13874,13787
13787,13633,13788
13787,13634,13633
13222,13236,13245
14027,13873,14028
13705,13706,13475
13474,13467,13475
10578,8173,7952
14114,14113,14267
13705,13476,13704
14114,14028,14113
14027,14028,14114
10579,7950,8174
10580,7950,10579
10579,10601,10355
10593,13213,10592
14027,14114,14135
10602,10579,10593
7952,7713,7932
13874,13895,13787
10578,10601,10579
10578,10579,7951
8172,7932,7953
7933,7951,7712
7951,7934,7712
8174,7950,7951
7951,7950,7934
13438,13482,13459
13438,13503,13482
13221,13244,13222
13656,13526,13655
13525,13526,13656
13634,13787,13766
13634,13766,13655
10577,8172,7953
10577,7952,8172
10600,10577,10356
10578,7952,10577
10600,10578,10577
13896,13766,13895
13787,13895,13766
13939,13940,13721
13701,13721,13940
13958,14182,14183
13526,13547,13655
13634,13655,13547
13245,13223,13222
14246,14267,14354
13221,13243,12998
13217,10597,10816
13467,13474,13468
14376,14375,14486
14157,14158,13983
14246,14114,14267
13463,13478,13236
14245,14376,14224
14375,14246,14354
14375,14354,14507
13233,13467,13232
13469,13473,13472
14245,14246,14375
13706,13716,13715
14487,14486,14507
13474,13475,13706
13473,13707,13708
14484,14486,14487
14485,14486,14484
13944,13945,13716
14223,14398,14202
13718,13477,13703
13942,13719,13941
14224,14376,14397
13706,13715,13707
14157,14136,14245
14375,14376,14245
13476,13705,13475
13717,13944,13716
13942,13959,13943
14442,14463,14443
13717,13705,13704
13944,13958,13957
13957,14183,14184
13942,13943,13718
14223,14224,14397
14224,14223,14158
14441,14440,14421
14441,14442,14440
14419,14463,14442
14183,14198,14184
14199,14200,14421
14422,14421,14440
14440,14442,14443
13958,14183,13957
13720,13961,13941
14199,14183,14182
14199,14198,14183
13945,13956,13946
13945,13946,13715
13716,13945,13715
13945,13944,13957
13945,13957,13956
13473,13474,13707
13473,13469,13468
13231,13232,13468
13706,13707,13474
13232,13467,13468
13473,13468,13474
13714,13715,13946
13714,13707,13715
13943,13944,13717
13248,13233,13232
13225,13233,13248
13225,13247,13233
13465,13477,13704
13960,13942,13941
13476,13465,13704
13463,13702,13478
13704,13477,13718
14398,14419,14202
13962,13939,13983
14157,14224,14158
14180,13961,14179
14180,13960,13961
14397,14485,14464
14485,14397,14376
13942,13718,13703
13719,13942,13703
14398,14463,14419
13238,13237,13221
13238,13221,12998
13939,13962,13940
10597,13220,10816
13983,14158,13962
13959,14181,14182
13959,13942,13960
13962,14179,13961
14180,14181,13960
13722,13939,13721
14180,14179,14202
13961,13960,13941
13960,14181,13959
14223,14202,14179
14181,14201,14200
14201,14202,14419
13722,13743,13939
13918,13939,13743
13459,13482,13481
13460,13459,13481
13478,13719,13703
13940,13961,13720
13940,13962,13961
13478,13702,13719
13941,13719,13702
13525,13677,13504
13525,13656,13677
13941,13702,13720
13720,13479,13701
13720,13702,13479
13479,13702,13463
13247,13224,13234
13477,13464,13703
13465,13235,13477
13939,13918,13983
13236,13478,13464
13984,14157,13983
14005,13895,14006
14005,14006,14136
13984,14005,14157
14136,14157,14005
13224,13246,13234
13246,13235,13234
14027,14135,14006
14135,14246,14245
14136,14135,14245
14136,14006,14135
13214,10593,10594
10593,10580,10602
10592,10580,10593
13246,13224,13223
10593,13223,13224
10593,13214,13223
13235,13236,13464
13245,13236,13235
13235,13223,13245
13480,13238,13461
10578,10594,10601
10592,13213,13224
13225,10592,13224
13504,13678,13503
13504,13677,13678
13237,13463,13236
13215,13222,10818
13463,13237,13479
13239,13461,13238
13896,13765,13766
13262,13241,13219
13215,10818,10594
10355,10601,10594
13214,10594,13223
10579,10355,10594
10593,10579,10594
10596,10357,10576
13220,10596,10816
13221,10596,13220
13197,13218,10597
13765,13655,13766
13656,13655,13765
13197,13263,13218
13243,13221,13220
13744,13656,13765
13677,13656,13744
13896,13895,14005
10356,10577,10595
13216,10817,10595
13221,10595,10817
13221,13222,10595
10596,13221,10817
10596,10817,13216
10595,13222,13215
13215,10594,10595
10595,10594,10578
10356,10595,10578
13239,13220,12999
13918,13744,13917
13918,13743,13744
13240,13219,13241
10596,13217,10816
13461,13700,13480
13481,13700,13461
13219,13242,13220
13263,13262,13218
13242,13219,12999
13480,13721,13701
13238,13243,13220
13262,13219,13218
13242,12999,13220
10597,13219,13220
13437,13503,13438
13437,13504,13503
13262,13459,13241
13262,13438,13459
13678,13722,13699
13678,13743,13722
13239,12999,13219
13765,13896,13917
13765,13917,13744
13244,13221,13237
13984,13917,13896
14005,13984,13896
13983,13918,13917
13984,13983,13917
13743,13678,13677
13744,13743,13677
13479,13237,13462
13462,13237,13238
13700,13721,13480
13241,13460,13240
13241,13459,13460
13240,13460,13239
13701,13462,13480
13701,13479,13462
13238,12998,13243
13480,13462,13238
13239,13238,13220
13699,13721,13700
13699,13722,13721
13482,13699,13700
13481,13482,13700
